<?xml version="1.0" encoding="UTF-8"?>
<!DOCTYPE struts-config PUBLIC "-//Apache Software Foundation//DTD Struts Configuration 1.3//EN" "http://struts.apache.org/dtds/struts-config_1_3.dtd">

<struts-config>
	<form-beans>
		<form-bean name="addUserForm"
			type="com.akhm.action.AddUserAction" />

	</form-beans>
	<global-exceptions />
	<global-forwards />
	<action-mappings>
		<action path="/showadduser"
			type="com.akhm.action.ShowAddUserAction">
			<forward name="sucess" path="/WEB-INF/pageses/adduser.jsp" />
		</action>

		<!-- adduserActionform confoguratein-->
		<action path="/addUser"
			type="com.akhm.action.form.AddUserActionForm" name="addUserForm">
			<forward name="sucess" path="/user.do" redirect="true" />
			<forward name="failed" path="/WEB-INF/pageses/adduser.jsp" />
		</action>
	</action-mappings>

	<message-resources parameter="com.akhm" />
</struts-config>

