<?xml version='1.0' encoding='UTF-8'?>
<!DOCTYPE hibernate-configuration PUBLIC
          "-//Hibernate/Hibernate Configuration DTD 3.0//EN"
          "http://hibernate.sourceforge.net/hibernate-configuration-3.0.dtd">

<!-- Generated by MyEclipse Hibernate Tools.                   -->
<hibernate-configuration>

	<session-factory>
		<property name="hibernate.dialect">
			org.hibernate.dialect.MySQLDialect
		</property>
		<property name="hibernate.connection.driver_class">
			com.mysql.jdbc.Driver
		</property>
		<property name="hibernate.connection.url">
			jdbc:mysql://localhost:3306/struts_hibernate_db
		</property>
		<property name="hibernate.connection.username">root</property>
		<property name="hibernate.connection.password">root</property>
		<property name="hibernate.hbm2ddl.auto">update</property>

		<!-- usertl.hbm.xml file mapping  in Hibernate.cfg.xml-->
         
         
         <mapping resource="com/akhm/dao/model/usertl.hbm.xml" />

	</session-factory>

</hibernate-configuration>