<?xml version="1.0" encoding="UTF-8"?>
<beans xmlns="http://www.springframework.org/schema/beans"
	xmlns:xsi="http://www.w3.org/2001/XMLSchema-instance"
	xsi:schemaLocation="http://www.springframework.org/schema/beans http://www.springframework.org/schema/beans/spring-beans-2.5.xsd">


	<bean id="sessFactory"
		class="org.springframework.orm.hibernate3.LocalSessionFactoryBean">
		<property name="configLocation"
			value="classpath:hibernate.cfg.xml">
		</property>
	</bean>
	<bean class="org.springframework.orm.hibernate3.HibernateTemplate"
		id="ht">
		<property name="sessionFactory" ref="sessFactory" />
	</bean>
	<bean class="com.akhm.dao.impl.UserDAOImpl" id="userDAO">
		<constructor-arg>
			<ref bean="ht" />
		</constructor-arg>
	</bean>
</beans>